[{"code": "STB", "group": "banking", "company_name": "Ng\u00e2n h\u00e0ng Th\u01b0\u01a1ng m\u1ea1i C\u1ed5 ph\u1ea7n S\u00e0i G\u00f2n Th\u01b0\u01a1ng T\u00edn"}, {"code": "VCB", "group": "banking", "company_name": "Ng\u00e2n h\u00e0ng TMCP Ngo\u1ea1i Th\u01b0\u01a1ng Vi\u1ec7t Nam"}, {"code": "BID", "group": "banking", "company_name": "Ng\u00e2n h\u00e0ng Th\u01b0\u01a1ng m\u1ea1i C\u1ed5 ph\u1ea7n \u0110\u1ea7u t\u01b0 v\u00e0 Ph\u00e1t tri\u1ec3n Vi\u1ec7t Nam"}, {"code": "CTG", "group": "banking", "company_name": "Ng\u00e2n h\u00e0ng Th\u01b0\u01a1ng m\u1ea1i C\u1ed5 ph\u1ea7n C\u00f4ng Th\u01b0\u01a1ng Vi\u1ec7t Nam"}]