[{"code": "TCB", "group": "banking", "company_name": "Ng\u00e2n h\u00e0ng TMCP K\u1ef9 Th\u01b0\u01a1ng Vi\u1ec7t Nam"}, {"code": "VPB", "group": "banking", "company_name": "Ng\u00e2n h\u00e0ng TMCP Vi\u1ec7t Nam Th\u1ecbnh V\u01b0\u1ee3ng"}, {"code": "MBB", "group": "banking", "company_name": "Ng\u00e2n h\u00e0ng Th\u01b0\u01a1ng m\u1ea1i C\u1ed5 ph\u1ea7n Qu\u00e2n \u0110\u1ed9i"}, {"code": "TPB", "group": "banking", "company_name": "Ng\u00e2n h\u00e0ng Th\u01b0\u01a1ng m\u1ea1i C\u1ed5 ph\u1ea7n Ti\u00ean Phong"}, {"code": "HDB", "group": "banking", "company_name": "Ng\u00e2n h\u00e0ng TMCP Ph\u00e1t tri\u1ec3n Th\u00e0nh ph\u1ed1 H\u1ed3 Ch\u00ed Minh"}]