[{"code": "KDH", "group": "real_estate", "company_name": "C\u00f4ng ty C\u1ed5 ph\u1ea7n \u0110\u1ea7u t\u01b0 v\u00e0 Kinh doanh Nh\u00e0 Khang \u0110i\u1ec1n"}, {"code": "PDR", "group": "real_estate", "company_name": "C\u00f4ng ty C\u1ed5 ph\u1ea7n Ph\u00e1t tri\u1ec3n B\u1ea5t \u0111\u1ed9ng s\u1ea3n Ph\u00e1t \u0110\u1ea1t"}, {"code": "NVL", "group": "real_estate", "company_name": "C\u00f4ng ty C\u1ed5 ph\u1ea7n T\u1eadp \u0111o\u00e0n \u0110\u1ea7u t\u01b0 \u0110\u1ecba \u1ed1c No Va"}, {"code": "TCH", "group": "real_estate", "company_name": "C\u00f4ng ty C\u1ed5 ph\u1ea7n \u0110\u1ea7u t\u01b0 D\u1ecbch v\u1ee5 T\u00e0i ch\u00ednh Ho\u00e0ng Huy"}]