[
    {
        "name": "Vietnambiz",
        "group": "banking",
        "start_url": "https://vietnambiz.vn/tai-chinh.htm",
        "root_url": "https://vietnambiz.vn",
        "next_link": "https://vietnambiz.vn/tai-chinh/trang-{0}.htm",
        "limit": 100
    },
    {
        "name": "sbv",
        "group": "banking",
        "limit": 100
    },
    {
        "name": "CafeF",
        "group": "banking",
        "start_url": "https://cafef.vn/tai-chinh-ngan-hang.chn",
        "root_url": "https://cafef.vn",
        "next_link": "https://cafef.vn/timeline/34/trang-{0}.chn",
        "limit": 100
    },
    {
        "name": "Vietnambiz",
        "group": "others",
        "start_url": "https://vietnambiz.vn/doanh-nghiep.htm",
        "root_url": "https://vietnambiz.vn",
        "next_link": "https://vietnambiz.vn/doanh-nghiep/trang-{0}.htm",
        "limit": 100
    },
    {
        "name": "ndh",
        "group": "others",
        "start_url": "https://ndh.vn/chung-khoan",
        "root_url": "https://ndh.vn",
        "limit": 100
    }
]