[
    {
        "name": "Vietnambiz",
        "group": "macro_news",
        "start_url": "https://vietnambiz.vn/hang-hoa/bao-cao-nganh-hang.htm",
        "root_url": "https://vietnambiz.vn",
        "next_link": "https://vietnambiz.vn/hang-hoa/bao-cao-nganh-hang/trang-{0}.htm",
        "limit": 100
    },
    {
        "name": "Tinnhanhchungkhoan",
        "group": "macro_news",
        "start_url": "https://tinnhanhchungkhoan.vn/dau-tu/",
        "root_url": "https://tinnhanhchungkhoan.vn",
        "limit": 100
    },
    {
        "name": "Tinnhanhchungkhoan",
        "group": "macro_news",
        "start_url": "https://tinnhanhchungkhoan.vn/tai-chinh/",
        "root_url": "https://tinnhanhchungkhoan.vn",
        "limit": 100
    },
    {
        "name": "Vietstock",
        "group": "macro_news",
        "start_url": "https://vietstock.vn/kinh-te/vi-mo.htm",
        "root_url": "https://vietstock.vn",
        "limit": 100
    },
    {
        "name": "Vietstock",
        "group": "macro_news",
        "start_url": "https://vietstock.vn/kinh-te/kinh-te-dau-tu.htm",
        "root_url": "https://vietstock.vn",
        "limit": 100
    }
]