[
    {
        "name": "Qandme",
        "group": "social_trend",
        "start_url": "https://qandme.net/vi/baibaocao/",
        "root_url": "https://qandme.net",
        "next_link": "https://qandme.net/home/index/page/{0}/category/keyword/",
        "limit": 100
    },
    {
        "name": "kenh14",
        "group": "social_trend",
        "start_url": "https://kenh14.vn/xu-huong.html",
        "root_url": "https://kenh14.vn",
        "next_link": "https://kenh14s.cnnd.vn/tag-news-per.chn?tag_url=xu-huong&page={0}&catids=",
        "limit": 100
    },
    {
        "name": "zingnews",
        "group": "social_trend",
        "limit": 100
    },
    {
        "name": "ndh",
        "group": "others",
        "start_url": "https://ndh.vn/doanh-nghiep",
        "root_url": "https://ndh.vn",
        "limit": 100
    },
    {
        "name": "ndh",
        "group": "others",
        "start_url": "https://ndh.vn/hang-hoa",
        "root_url": "https://ndh.vn",
        "limit": 100
    },
    {
        "name": "ndh",
        "group": "others",
        "start_url": "https://ndh.vn/tieu-dung",
        "root_url": "https://ndh.vn",
        "limit": 100
    }
]