[
    {
        "name": "CafeF",
        "group": "stock_market",
        "start_url": "https://cafef.vn/thi-truong-chung-khoan.chn",
        "root_url": "https://cafef.vn",
        "next_link": "https://cafef.vn/timeline/31/trang-{0}.chn",
        "limit": 100
    },
    {
        "name": "CafeF",
        "group": "stock_market",
        "start_url": "https://cafef.vn/doanh-nghiep.chn",
        "root_url": "https://cafef.vn",
        "next_link": "https://cafef.vn/timeline/36/trang-{0}.chn",
        "limit": 100
    },
    {
        "name": "Vietnambiz",
        "group": "stock_market",
        "start_url": "https://vietnambiz.vn/chung-khoan.htm",
        "root_url": "https://vietnambiz.vn",
        "next_link": "https://vietnambiz.vn/chung-khoan/trang-{0}.htm",
        "limit": 100
    },
    {
        "name": "Vietnambiz",
        "group": "stock_market",
        "start_url": "https://vietnambiz.vn/doanh-nghiep.htm",
        "root_url": "https://vietnambiz.vn",
        "next_link": "https://vietnambiz.vn/doanh-nghiep/trang-{0}.htm",
        "limit": 100
    },
    {
        "name": "Tinnhanhchungkhoan",
        "group": "macro_news",
        "start_url": "https://tinnhanhchungkhoan.vn/doanh-nghiep/",
        "root_url": "https://tinnhanhchungkhoan.vn",
        "limit": 100
    },
    {
        "name": "Vietstock",
        "group": "macro_news",
        "start_url": "https://vietstock.vn/doanh-nghiep/hoat-dong-kinh-doanh.htm",
        "root_url": "https://vietstock.vn",
        "limit": 100
    },
    {
        "name": "Vietstock",
        "group": "macro_news",
        "start_url": "https://vietstock.vn/doanh-nghiep/co-tuc.htm",
        "root_url": "https://vietstock.vn",
        "limit": 100
    }
]   